market_id,volume_rank,market_ticker,event_ticker,series_ticker,market_question,market_subtitle,yes_subtitle,no_subtitle,market_rules,event_question,event_subtitle,series_title,series_category,series_frequency,market_status,market_result,open_time,close_time,passes_volume_filter,passes_lifetime_filter,passes_both_filters,volume_fp,lifetime_days,history_start_ts,history_end_ts,expected_daily_rows,received_daily_rows,first_observation_ts,last_observation_ts,download_status,actual_candles_exported,candle_rows,observed_days,price_close_days,quote_mid_days,total_daily_volume,max_open_interest,mean_quote_spread,first_observation,last_observation,last_price_close,last_quote_mid,outcome,candle_coverage_pct,quote_coverage_pct
kalshi:KXGOVFLNOMR-26-JFIS,1,KXGOVFLNOMR-26-JFIS,KXGOVFLNOMR-26,KXGOVFLNOMR,Will James Fishback be the Republican nominee for Governor in Florida?,,James Fishback,James Fishback,"If James Fishback wins the nomination for the Republican Party to contest the 2026 Florida Governorship, then the market resolves to Yes.",Florida Republican Governor nominee?,In 2026,Florida Governor Republican nominee,Elections,custom,finalized,no,2025-11-11 00:00:00+00:00,2026-08-19 00:07:41+00:00,1,1,1,44726603.31,281.00533564814816,1762819200,1787098061,283,281,1762837200.0,1787025600.0,success,281,281,281,277,281,29722129.990000002,22378116.15,0.010441281138790037,2025-11-11 00:00:00+00:00,2026-08-18 00:00:00+00:00,0.013,0.0125,0,99.29328621908127,100.0
kalshi:KXFEDDECISION-26JUL-H0,2,KXFEDDECISION-26JUL-H0,KXFEDDECISION-26JUL,KXFEDDECISION,Will the Federal Reserve Hike rates by 0bps at their July 2026 meeting?,Hike 0bps,Fed maintains rate,Fed maintains rate,"If the Federal Reserve does a Hike of 0bps on July 29, 2026, then the market resolves to Yes.",Fed decision in July?,"On Jul 29, 2026",Fed meeting,Economics,custom,finalized,yes,2025-09-29 14:00:00+00:00,2026-07-29 17:59:00+00:00,1,1,1,23802367.03,303.1659722222222,1759154400,1785347940,305,293,1759204800.0,1785297600.0,success,293,293,293,146,293,16919657.07,10387692.23,0.05686006825938565,2025-09-30 00:00:00+00:00,2026-07-29 00:00:00+00:00,0.75,0.745,1,96.06557377049181,100.0
kalshi:KXSENATEMID-26-HSTE,3,KXSENATEMID-26-HSTE,KXSENATEMID-26,KXSENATEMID,Will Haley Stevens be the Democratic nominee for the Senate in Michigan?,,Haley Stevens,Haley Stevens,"If Haley Stevens wins the nomination for the Democratic Party to contest the 2026 Class II Michigan Senate seat, then the market resolves to Yes.",Michigan Democratic Senate nominee?,In 2026,MID,Elections,one_off,finalized,no,2025-03-28 14:00:00+00:00,2026-08-05 14:02:38+00:00,1,1,1,20543911.96,495.0018287037037,1743170400,1785938558,497,476,1743220800.0,1785902400.0,success,476,476,476,324,476,16409710.219999999,6842145.2,0.04529621848739496,2025-03-29 00:00:00+00:00,2026-08-05 00:00:00+00:00,0.055,0.0565,0,95.77464788732394,100.0
kalshi:KXFEDDECISION-26JUL-H25,4,KXFEDDECISION-26JUL-H25,KXFEDDECISION-26JUL,KXFEDDECISION,Will the Federal Reserve Hike rates by 25bps at their July 2026 meeting?,Hike 25bps,Hike 25bps,Hike 25bps,"If the Federal Reserve does a Hike of 25bps on July 29, 2026, then the market resolves to Yes.",Fed decision in July?,"On Jul 29, 2026",Fed meeting,Economics,custom,finalized,no,2025-09-29 14:00:00+00:00,2026-07-29 17:59:00+00:00,1,1,1,19713687.51,303.1659722222222,1759154400,1785347940,305,284,1759204800.0,1785297600.0,success,284,284,284,114,284,16107827.48,10135476.46,0.03429577464788732,2025-09-30 00:00:00+00:00,2026-07-29 00:00:00+00:00,0.26,0.255,0,93.11475409836065,100.0
kalshi:KXFEDDECISION-26JUL-H26,5,KXFEDDECISION-26JUL-H26,KXFEDDECISION-26JUL,KXFEDDECISION,Will the Federal Reserve Hike rates by >25bps at their July 2026 meeting?,Hike >25bps,Hike >25bps,Hike >25bps,"If the Federal Reserve does a Hike of   25bps on July 29, 2026, then the market resolves to Yes.",Fed decision in July?,"On Jul 29, 2026",Fed meeting,Economics,custom,finalized,no,2025-09-29 14:00:00+00:00,2026-07-29 17:59:00+00:00,1,1,1,15632302.75,303.1659722222222,1759154400,1785347940,305,268,1759204800.0,1785297600.0,success,268,268,268,75,268,9921370.7,9022478.36,0.03462686567164179,2025-09-30 00:00:00+00:00,2026-07-29 00:00:00+00:00,0.01,0.005,0,87.8688524590164,100.0
kalshi:KXTRUMPUFC-26JUL-DJT,6,KXTRUMPUFC-26JUL-DJT,KXTRUMPUFC-26JUL,KXTRUMPUFC,Will Donald Trump attend UFC 329?,Yes,Yes,Yes,"If Donald Trump attends UFC 329, then the market resolves to Yes.",Will Donald Trump attend UFC 329?,"On Jul 11, 2026",Trump attend another UFC event this year,Politics,one_off,finalized,no,2026-05-09 04:00:00+00:00,2026-07-12 14:00:00+00:00,1,1,1,13117291.59,64.41666666666667,1778299200,1783864800,66,64,1778385600.0,1783828800.0,success,64,64,64,64,64,12895498.52,10250583.07,0.014218749999999999,2026-05-10 00:00:00+00:00,2026-07-12 00:00:00+00:00,0.01,0.005,0,96.96969696969697,100.0
kalshi:KXGOVFLNOMR-26-BD,7,KXGOVFLNOMR-26-BD,KXGOVFLNOMR-26,KXGOVFLNOMR,Will Byron Donalds be the Republican nominee for Governor in Florida?,,Byron Donalds,Byron Donalds,"If Byron Donalds wins the nomination for the Republican Party to contest the 2026 Florida Governorship, then the market resolves to Yes.",Florida Republican Governor nominee?,In 2026,Florida Governor Republican nominee,Elections,custom,finalized,yes,2025-01-16 18:00:00+00:00,2026-08-19 00:07:41+00:00,1,1,1,10760634.15,579.2553356481482,1737050400,1787098061,581,561,1737090000.0,1787025600.0,success,561,561,561,439,561,7354555.59,5779476.07,0.03815329768270945,2025-01-17 00:00:00+00:00,2026-08-18 00:00:00+00:00,0.984,0.9844999999999999,1,96.55765920826161,100.0
kalshi:KXGOVFLNOMR-26-JCOL,8,KXGOVFLNOMR-26-JCOL,KXGOVFLNOMR-26,KXGOVFLNOMR,Will Jay Collins be the Republican nominee for Governor in Florida?,,Jay Collins,Jay Collins,"If Jay Collins wins the nomination for the Republican Party to contest the 2026 Florida Governorship, then the market resolves to Yes.",Florida Republican Governor nominee?,In 2026,Florida Governor Republican nominee,Elections,custom,finalized,no,2025-09-19 14:00:14+00:00,2026-08-19 00:07:41+00:00,1,1,1,10496583.01,333.4218402777778,1758290414,1787098061,335,333,1758340800.0,1787025600.0,success,333,333,333,245,333,7207063.52,5634379.95,0.04508708708708709,2025-09-20 00:00:00+00:00,2026-08-18 00:00:00+00:00,0.003,0.0025,0,99.40298507462687,100.0
kalshi:KXSENATEMID-26-AELS,9,KXSENATEMID-26-AELS,KXSENATEMID-26,KXSENATEMID,Will Abdul El-Sayed be the Democratic nominee for the Senate in Michigan?,,Abdul El-Sayed,Abdul El-Sayed,"If Abdul El-Sayed wins the nomination for the Democratic Party to contest the 2026 Class II Michigan Senate seat, then the market resolves to Yes.",Michigan Democratic Senate nominee?,In 2026,MID,Elections,one_off,finalized,yes,2025-03-28 14:00:00+00:00,2026-08-05 14:02:38+00:00,1,1,1,9935560.26,495.0018287037037,1743170400,1785938558,497,474,1743220800.0,1785902400.0,success,474,474,474,323,474,8727117.26,3594917.44,0.04282489451476793,2025-03-29 00:00:00+00:00,2026-08-05 00:00:00+00:00,0.942,0.9424999999999999,1,95.37223340040241,100.0
kalshi:KXTRUMPATTEND,10,KXTRUMPATTEND,KXTRUMPATTEND,KXTRUMPATTEND,Will Donald J. Trump attend The 2026 FIFA World Cup Final?,Yes,Yes,Yes,"If Donald J. Trump attends The 2026 FIFA World Cup Final, then the market resolves to Yes.",Will Trump attend The World Cup Final?,"On Jan 9, 2026",Will Trump attend event,Politics,one_off,finalized,yes,2026-01-09 15:00:00+00:00,2026-07-19 19:06:04+00:00,1,1,1,9726106.38,191.17087962962964,1767970800,1784487964,193,191,1768021200.0,1784433600.0,success,191,191,191,189,191,7229280.13,4246453.26,0.03224607329842932,2026-01-10 00:00:00+00:00,2026-07-19 00:00:00+00:00,0.973,0.9724999999999999,1,98.96373056994818,100.0
kalshi:KXHORMUZNORM-26MAR17-B260701,11,KXHORMUZNORM-26MAR17-B260701,KXHORMUZNORM-26MAR17,KXHORMUZNORM,"Will the 7-day moving average of transit calls through the Strait of Hormuz as reported by the IMF PortWatch be above 60 before July 1, 2026?",,"Before Jul 1, 2026","Before Jul 1, 2026","If the 7-day moving average of transit calls through the Strait of Hormuz as reported by the IMF PortWatch is above 60 before July 1, 2026, then the market resolves to Yes.",When will traffic at the Strait of Hormuz return to normal?,Transit calls,When will traffic at the Strait of Hormuz return to normal?,Politics,one_off,finalized,no,2026-03-17 14:00:00+00:00,2026-07-07 13:59:00+00:00,1,1,1,8832948.43,111.99930555555557,1773756000,1783432740,113,112,1773806400.0,1783396800.0,success,112,112,112,112,112,8831988.41,2412433.72,0.015125,2026-03-18 00:00:00+00:00,2026-07-07 00:00:00+00:00,0.001,0.0005,0,99.11504424778761,100.0
kalshi:KXTOPALBUMRECORD-ICE-DRA-4,12,KXTOPALBUMRECORD-ICE-DRA-4,KXTOPALBUMRECORD-ICE-DRA,KXTOPALBUMRECORD,How many straight weeks will 'ICEMAN' be #1?,More than 4 weeks,More than 4 weeks,More than 4 weeks,"If ICEMAN by Drake has had the #1 spot on the Billboard 200 for more than 4 consecutive weeks, then the market resolves to Yes.",Iceman: Consecutive weeks at #1,ICEMAN,Album record,Entertainment,custom,finalized,no,2026-04-22 14:00:00+00:00,2026-06-23 13:26:47+00:00,1,1,1,7848673.84,61.97693287037037,1776866400,1782221207,63,62,1776916800.0,1782187200.0,success,62,62,62,59,62,7749954.42,4618789.55,0.025161290322580646,2026-04-23 00:00:00+00:00,2026-06-23 00:00:00+00:00,0.01,0.005,0,98.41269841269842,100.0
kalshi:KXFEDDECISION-26JUL-C25,13,KXFEDDECISION-26JUL-C25,KXFEDDECISION-26JUL,KXFEDDECISION,Will the Federal Reserve Cut rates by 25bps at their July 2026 meeting?,Cut 25bps,Cut 25bps,Cut 25bps,"If the Federal Reserve does a Cut of 25bps on July 29, 2026, then the market resolves to Yes.",Fed decision in July?,"On Jul 29, 2026",Fed meeting,Economics,custom,finalized,no,2025-09-29 14:00:00+00:00,2026-07-29 17:59:00+00:00,1,1,1,7276758.07,303.1659722222222,1759154400,1785347940,305,293,1759204800.0,1785297600.0,success,293,293,293,138,293,6380527.88,5248914.75,0.05447098976109215,2025-09-30 00:00:00+00:00,2026-07-29 00:00:00+00:00,0.01,0.005,0,96.06557377049181,100.0
kalshi:KXGOVWINOMD-26-FHON,14,KXGOVWINOMD-26-FHON,KXGOVWINOMD-26,KXGOVWINOMD,Will Francesca Hong be the Democratic nominee for Governor in Wisconsin?,,Francesca Hong,Francesca Hong,"If Francesca Hong wins the nomination for the Democratic Party to contest the 2026 Wisconsin Governorship, then the market resolves to Yes.",Wisconsin Democratic Governor nominee?,In 2026,Gov WI Nom D,Elections,one_off,finalized,no,2025-10-07 14:00:50+00:00,2026-08-12 11:18:25+00:00,1,1,1,7274077.96,308.88721064814814,1759845650,1786533505,310,308,1759896000.0,1786507200.0,success,308,308,308,210,308,5153841.45,1455355.37,0.03441558441558441,2025-10-08 00:00:00+00:00,2026-08-12 00:00:00+00:00,0.25,0.245,0,99.35483870967742,100.0
kalshi:KXGOVWINOMD-26-DCRO,15,KXGOVWINOMD-26-DCRO,KXGOVWINOMD-26,KXGOVWINOMD,Will David Crowley be the Democratic nominee for Governor in Wisconsin?,,David Crowley,David Crowley,"If David Crowley wins the nomination for the Democratic Party to contest the 2026 Wisconsin Governorship, then the market resolves to Yes.",Wisconsin Democratic Governor nominee?,In 2026,Gov WI Nom D,Elections,one_off,finalized,yes,2025-10-07 14:00:17+00:00,2026-08-12 11:18:25+00:00,1,1,1,7116046.89,308.88759259259257,1759845617,1786533505,310,301,1759896000.0,1786507200.0,success,301,301,301,140,301,5033041.04,1504969.44,0.03566777408637874,2025-10-08 00:00:00+00:00,2026-08-12 00:00:00+00:00,0.77,0.765,1,97.09677419354838,100.0
kalshi:KXCAGOVPRIMARY1ST-26JUN02-1ST-SHIL,16,KXCAGOVPRIMARY1ST-26JUN02-1ST-SHIL,KXCAGOVPRIMARY1ST-26JUN02-1ST,KXCAGOVPRIMARY1ST,Will Steve Hilton finish 1st in the 2026 California Governor primary election?,:: Republican,Steve Hilton,Steve Hilton,"If Steve Hilton finishes in 1st place in the 2026 California Governor primary election, then the market resolves to Yes.",California Governor primary: 1st place,"On Jun 2, 2026",Who will finish first in the California Governor primary?,Elections,one_off,finalized,no,2026-02-04 23:00:00+00:00,2026-07-11 00:09:53+00:00,1,1,1,7097451.77,156.0485300925926,1770246000,1783728593,158,155,1770267600.0,1783656000.0,success,155,155,155,131,155,6669928.36,4305932.09,0.028929032258064515,2026-02-05 00:00:00+00:00,2026-07-10 00:00:00+00:00,0.003,0.002,0,98.10126582278481,100.0
kalshi:KXUSAIRANAGREEMENT-27-26JUL,17,KXUSAIRANAGREEMENT-27-26JUL,KXUSAIRANAGREEMENT-27,KXUSAIRANAGREEMENT,Will the US agree to a new Iranian nuclear deal this year?,Before July,"Before Jul 1, 2026","Before Jul 1, 2026","If the United States has agreed to, signed, or accepted a new Iran-US nuclear deal before Jul 1, 2026, then the market resolves to Yes.",US-Iran nuclear deal?,In 2026,US Iran nuclear deal,Politics,custom,finalized,no,2026-04-09 14:00:00+00:00,2026-07-01 14:00:00+00:00,1,1,1,5649545.21,83.0,1775743200,1782914400,84,83,1775793600.0,1782878400.0,success,83,83,83,83,83,5649404.9399999995,1294614.91,0.012771084337349399,2026-04-10 00:00:00+00:00,2026-07-01 00:00:00+00:00,0.01,0.005,0,98.80952380952381,100.0
kalshi:KXPLATNERDROPOUT-26,18,KXPLATNERDROPOUT-26,KXPLATNERDROPOUT-26,KXPLATNERDROPOUT,"Will Graham Platner drop out of the 2026 United States Senate election in Maine before Jul 14, 2026?",X:: Before Tuesday,"Before Jul 14, 2026","Before Jul 14, 2026","If Graham Platner drops out of the 2026 United States Senate election in Maine before Jul 14, 2026, then the market resolves to Yes.",Will Graham Platner drop out?,"Before Jul 14, 2026",Graham platner drop out,Elections,one_off,finalized,yes,2026-06-01 16:15:00+00:00,2026-07-09 00:31:52+00:00,1,1,1,5462806.48,37.345046296296296,1780330500,1783557112,39,37,1780372800.0,1783483200.0,success,37,37,37,37,37,4122487.0700000003,1493190.31,0.008243243243243242,2026-06-02 00:00:00+00:00,2026-07-08 00:00:00+00:00,0.916,0.9165000000000001,1,94.87179487179488,100.0
kalshi:KXHORMUZNORM-26MAR17-B260801,19,KXHORMUZNORM-26MAR17-B260801,KXHORMUZNORM-26MAR17,KXHORMUZNORM,"Will the 7-day moving average of transit calls through the Strait of Hormuz as reported by the IMF PortWatch be above 60 before August 1, 2026?",,"Before Aug 1, 2026","Before Aug 1, 2026","If the 7-day moving average of transit calls through the Strait of Hormuz as reported by the IMF PortWatch is above 60 before August 1, 2026, then the market resolves to Yes.",When will traffic at the Strait of Hormuz return to normal?,Transit calls,When will traffic at the Strait of Hormuz return to normal?,Politics,one_off,finalized,no,2026-04-14 00:00:00+00:00,2026-08-04 13:59:00+00:00,1,1,1,5302869.62,112.5826388888889,1776124800,1785851940,114,113,1776139200.0,1785816000.0,success,113,113,113,113,113,5289725.22,1276182.11,0.013893805309734514,2026-04-14 00:00:00+00:00,2026-08-04 00:00:00+00:00,0.01,0.005,0,99.12280701754386,100.0
kalshi:KXPERUPRES-26-RPAL,20,KXPERUPRES-26-RPAL,KXPERUPRES-26,KXPERUPRES,Will Roberto Sánchez Palomino win the next Peruvian presidential election?,Roberto Sánchez Palomino:: Together for Peru,Roberto Sánchez,Roberto Sánchez,"If the winner of the next Peruvian presidential election is Roberto Sánchez Palomino, then the market resolves to Yes.",Peru Presidential election winner?,In 2026,Peru Presidency,Elections,one_off,finalized,no,2026-01-22 22:00:00+00:00,2026-07-03 19:28:09+00:00,1,1,1,5279251.45,161.8945486111111,1769119200,1783106889,163,156,1769144400.0,1783051200.0,success,156,156,156,114,156,5259518.12,2081100.74,0.03075,2026-01-23 00:00:00+00:00,2026-07-03 00:00:00+00:00,0.004,0.0025,0,95.70552147239263,100.0
kalshi:KXLIUSACOUPLE-26AUG31-ANCAR,21,KXLIUSACOUPLE-26AUG31-ANCAR,KXLIUSACOUPLE-26AUG31,KXLIUSACOUPLE,Will Aniya and Carl win Love Island USA Season 8?,,Aniya and Carl,Aniya and Carl,"If Aniya and Carl are officially declared the winner of Love Island USA Season 8, then the market resolves to Yes.",Love Island USA S8: Winning couple,Love Island USA Season 8,which couple will win love island usa,Entertainment,one_off,finalized,no,2026-06-23 15:51:28+00:00,2026-07-13 02:46:31+00:00,1,1,1,4955634.0,19.45489583333333,1782229888,1783910791,21,19,1782273600.0,1783828800.0,success,19,19,19,19,19,1360610.8900000001,849252.87,0.01368421052631579,2026-06-24 00:00:00+00:00,2026-07-12 00:00:00+00:00,0.05,0.055,0,90.47619047619048,100.0
kalshi:KXTRUMPOUT27-27-26AUG01,22,KXTRUMPOUT27-27-26AUG01,KXTRUMPOUT27-27,KXTRUMPOUT27,"Will Donald Trump leave office before August 1, 2026?",,"Before August 1, 2026","Before August 1, 2026","If Donald Trump leaves office before August 1, 2026, then the market resolves to Yes.",Donald Trump announces departure as President? (Excluding death),Before 2027,Trump out as President?,Politics,one_off,finalized,no,2026-02-12 01:00:00+00:00,2026-08-01 14:00:00+00:00,1,1,1,3761100.22,170.54166666666666,1770858000,1785592800,172,169,1770872400.0,1785384000.0,success,169,169,169,165,169,3761100.22,2362018.66,0.005899408284023668,2026-02-12 00:00:00+00:00,2026-07-30 00:00:00+00:00,0.003,0.0005,0,98.25581395348837,100.0
kalshi:KXNEXTAG-29-TBLA,23,KXNEXTAG-29-TBLA,KXNEXTAG-29,KXNEXTAG,Who will be Trump's next Attorney General?,,Todd Blanche,Todd Blanche,"If the first new person to be Attorney General is Todd Blanche before Jan 20, 2029, then the market resolves to Yes.",Who will be Trump's next Attorney General?,"Before January 20th, 2029",Next AG,Politics,one_off,finalized,yes,2026-04-02 17:10:00+00:00,2026-08-08 23:48:24+00:00,1,1,1,3713983.8,128.27666666666667,1775149800,1786232904,130,128,1775188800.0,1786161600.0,success,128,128,128,128,128,3634325.55,676979.32,0.012023437500000005,2026-04-03 00:00:00+00:00,2026-08-08 00:00:00+00:00,0.983,0.9844999999999999,1,98.46153846153847,100.0
kalshi:KXALIENS-27-JUL26,24,KXALIENS-27-JUL26,KXALIENS-27,KXALIENS,Will the U.S. confirm that aliens exist before July 2026,,Before July,Before July,"If the President, any member of the Cabinet, any member of the Joint Chiefs of Staff, or any US federal agency definitively states that extraterrestrial life or technology exists before Jul 1, 2026, then the market resolves to Yes.",Will the U.S. confirm that aliens exist?,Before 2027,Aliens,Science and Technology,annual,finalized,no,2026-05-12 20:00:00+00:00,2026-07-01 14:00:00+00:00,1,1,1,3153286.89,49.75,1778616000,1782914400,51,50,1778644800.0,1782878400.0,success,50,50,50,50,50,3153286.89,2571079.81,0.0102,2026-05-13 00:00:00+00:00,2026-07-01 00:00:00+00:00,0.01,0.005,0,98.03921568627452,100.0
kalshi:KXPERUPRES-26-KFUJ,25,KXPERUPRES-26-KFUJ,KXPERUPRES-26,KXPERUPRES,Who will win the next Peruvian presidential election?,Keiko Fujimori:: Fuerza Popular,Keiko Fujimori,Keiko Fujimori,"If the winner of the next Peruvian presidential election is Keiko Fujimori, then the market resolves to Yes.",Peru Presidential election winner?,In 2026,Peru Presidency,Elections,one_off,finalized,yes,2025-07-16 14:00:00+00:00,2026-07-03 19:28:09+00:00,1,1,1,3010684.54,352.22788194444445,1752674400,1783106889,354,351,1752724800.0,1783051200.0,success,351,351,351,169,351,3000260.75,859566.21,0.054005698005698016,2025-07-17 00:00:00+00:00,2026-07-03 00:00:00+00:00,0.998,0.9975,1,99.15254237288136,100.0
kalshi:KXLIUSACOUPLE-26AUG31-TRBR,26,KXLIUSACOUPLE-26AUG31-TRBR,KXLIUSACOUPLE-26AUG31,KXLIUSACOUPLE,Will Trinity and Bryce win Love Island USA Season 8?,Trinity and Bryce,Trinity and Bryce,Trinity and Bryce,"If Trinity and Bryce are officially declared the winner of Love Island USA Season 8, then the market resolves to Yes.",Love Island USA S8: Winning couple,Love Island USA Season 8,which couple will win love island usa,Entertainment,one_off,finalized,yes,2026-05-29 01:25:06+00:00,2026-07-13 02:46:31+00:00,1,1,1,2986198.8,45.05653935185185,1780017906,1783910791,47,45,1780027200.0,1783828800.0,success,45,45,45,39,45,1617048.69,944952.54,0.09911111111111111,2026-05-29 00:00:00+00:00,2026-07-12 00:00:00+00:00,0.9,0.905,1,95.74468085106383,100.0
kalshi:KXGOVFLNOMR-26-PREN,27,KXGOVFLNOMR-26-PREN,KXGOVFLNOMR-26,KXGOVFLNOMR,Will Paul Renner be the Republican nominee for Governor in Florida?,,Paul Renner,Paul Renner,"If Paul Renner wins the nomination for the Republican Party to contest the 2026 Florida Governorship, then the market resolves to Yes.",Florida Republican Governor nominee?,In 2026,Florida Governor Republican nominee,Elections,custom,finalized,no,2026-02-09 18:00:00+00:00,2026-08-19 00:07:41+00:00,1,1,1,2984895.68,190.25533564814816,1770660000,1787098061,192,162,1770699600.0,1787025600.0,success,162,162,162,90,162,2815881.4699999997,2592451.64,0.005623456790123457,2026-02-10 00:00:00+00:00,2026-08-18 00:00:00+00:00,0.001,0.0005,0,84.375,100.0
kalshi:KXUSAIRANAGREEMENT-27-26AUG,28,KXUSAIRANAGREEMENT-27-26AUG,KXUSAIRANAGREEMENT-27,KXUSAIRANAGREEMENT,Will the US agree to a new Iranian nuclear deal before August?,Before August,"Before Aug 1, 2026","Before Aug 1, 2026","If the United States has agreed to, signed, or accepted a new Iran-US nuclear deal before Aug 1, 2026, then the market resolves to Yes.",US-Iran nuclear deal?,In 2026,US Iran nuclear deal,Politics,custom,finalized,no,2026-02-05 03:00:00+00:00,2026-08-01 14:00:00+00:00,1,1,1,2813334.26,177.45833333333334,1770260400,1785592800,179,178,1770267600.0,1785556800.0,success,178,178,178,177,178,2813334.26,1102051.28,0.02160674157303371,2026-02-05 00:00:00+00:00,2026-08-01 00:00:00+00:00,0.001,0.0005,0,99.44134078212291,100.0
kalshi:KXVOTEPRIMARY-MAYORLA26SPRA-65,29,KXVOTEPRIMARY-MAYORLA26SPRA-65,KXVOTEPRIMARY-MAYORLA26SPRA,KXVOTEPRIMARY,Will Spencer Pratt receive at least 30% of the popular vote in the first round of the 2026 Los Angeles mayoral election?,,At least 30%,At least 30%,"If the certified percentage of the popular vote received by Spencer Pratt in the first round of the 2026 Los Angeles mayoral election is 30% to 100%, inclusive of both endpoints, then the market resolves to Yes.",Los Angeles mayoral election: Spencer Pratt vote percent (1st round),Vote Percent - Spencer Pratt,Vote percentages in primaries,Elections,one_off,finalized,no,2026-05-14 22:00:00+00:00,2026-06-27 15:17:10+00:00,1,1,1,2712847.51,43.72025462962963,1778796000,1782573430,45,44,1778817600.0,1782532800.0,success,44,44,44,42,44,2708020.51,1374982.62,0.030681818181818185,2026-05-15 00:00:00+00:00,2026-06-27 00:00:00+00:00,0.01,0.005,0,97.77777777777777,100.0
kalshi:KXLIUSACOUPLE-26AUG31-MESI,30,KXLIUSACOUPLE-26AUG31-MESI,KXLIUSACOUPLE-26AUG31,KXLIUSACOUPLE,Will Melanie and Sincere win Love Island USA Season 8?,Melanie and Sincere,Melanie and Sincere,Melanie and Sincere,"If Melanie and Sincere are officially declared the winner of Love Island USA Season 8, then the market resolves to Yes.",Love Island USA S8: Winning couple,Love Island USA Season 8,which couple will win love island usa,Entertainment,one_off,finalized,no,2026-05-29 01:25:06+00:00,2026-07-13 02:46:31+00:00,1,1,1,2616535.03,45.05653935185185,1780017906,1783910791,47,45,1780027200.0,1783828800.0,success,45,45,45,40,45,1289044.77,840342.44,0.08666666666666667,2026-05-29 00:00:00+00:00,2026-07-12 00:00:00+00:00,0.04,0.035,0,95.74468085106383,100.0
kalshi:KXPLATNERDROPOUT-26-JUL9,31,KXPLATNERDROPOUT-26-JUL9,KXPLATNERDROPOUT-26,KXPLATNERDROPOUT,"Will drop out of the 2026 United States Senate election in Maine before Jul 9, 2026?","Before Jul 9, 2026:: Before Thursday","Before Jul 9, 2026","Before Jul 9, 2026","If Graham Platner drops out of the 2026 United States Senate election in Maine before Jul 9, 2026, then the market resolves to Yes.",Will Graham Platner drop out?,"Before Jul 14, 2026",Graham platner drop out,Elections,one_off,finalized,yes,2026-07-06 19:12:00+00:00,2026-07-09 00:31:52+00:00,1,0,0,2360956.06,2.2221296296296296,1783365120,1783557112,4,2,1783396800.0,1783483200.0,success,2,2,2,2,2,277053.92,122317.11,0.010000000000000009,2026-07-07 00:00:00+00:00,2026-07-08 00:00:00+00:00,0.37,0.375,1,50.0,100.0
kalshi:KXFEDDECISION-26JUL-C26,32,KXFEDDECISION-26JUL-C26,KXFEDDECISION-26JUL,KXFEDDECISION,Will the Federal Reserve Cut rates by >25bps at their July 2026 meeting?,Cut >25bps,Cut >25bps,Cut >25bps,"If the Federal Reserve does a Cut of   25bps on July 29, 2026, then the market resolves to Yes.",Fed decision in July?,"On Jul 29, 2026",Fed meeting,Economics,custom,finalized,no,2025-09-29 14:00:00+00:00,2026-07-29 17:59:00+00:00,1,1,1,2330631.58,303.1659722222222,1759154400,1785347940,305,284,1759204800.0,1785297600.0,success,284,284,284,87,284,2129702.84,1969208.25,0.05380281690140845,2025-09-30 00:00:00+00:00,2026-07-29 00:00:00+00:00,0.01,0.005,0,93.11475409836065,100.0
kalshi:KXRT-SPI-90,33,KXRT-SPI-90,KXRT-SPI,KXRT,Spider-Man: Brand New Day Rotten Tomatoes score?,Above 90,Above 90,Above 90,"If Spider-Man: Brand New Day has a Tomatometer score of above 90 on Aug 3, 2026 at 10:00 AM ET, then the market resolves to Yes.",Spider-Man: Brand New Day: Rotten Tomatoes score,Spider-Man: Brand New Day,Rotten Tomatoes Scores,Entertainment,custom,finalized,no,2026-04-16 17:00:00+00:00,2026-08-03 14:00:00+00:00,1,1,1,2231936.34,108.875,1776358800,1785765600,110,109,1776398400.0,1785729600.0,success,109,109,109,109,109,1952167.73,1095433.44,0.038899082568807336,2026-04-17 00:00:00+00:00,2026-08-03 00:00:00+00:00,0.04,0.035,0,99.0909090909091,100.0
kalshi:KXHORMUZNORM-26MAR17-B260715,34,KXHORMUZNORM-26MAR17-B260715,KXHORMUZNORM-26MAR17,KXHORMUZNORM,"Will the 7-day moving average of transit calls through the Strait of Hormuz as reported by the IMF PortWatch be above 60 before July 15, 2026?",,"Before Jul 15, 2026","Before Jul 15, 2026","If the 7-day moving average of transit calls through the Strait of Hormuz as reported by the IMF PortWatch is above 60 before July 15, 2026, then the market resolves to Yes.",When will traffic at the Strait of Hormuz return to normal?,Transit calls,When will traffic at the Strait of Hormuz return to normal?,Politics,one_off,finalized,no,2026-06-15 14:30:00+00:00,2026-07-21 13:59:00+00:00,1,1,1,2178374.78,35.97847222222222,1781533800,1784642340,37,36,1781582400.0,1784606400.0,success,36,36,36,36,36,2178334.75,868226.78,0.010555555555555558,2026-06-16 00:00:00+00:00,2026-07-21 00:00:00+00:00,0.01,0.005,0,97.29729729729729,100.0
kalshi:KXCAGOVPRIMARY1ST-26JUN02-1ST-XBEC,35,KXCAGOVPRIMARY1ST-26JUN02-1ST-XBEC,KXCAGOVPRIMARY1ST-26JUN02-1ST,KXCAGOVPRIMARY1ST,Will Xavier Becerra finish 1st in the 2026 California Governor primary election?,:: Democratic,Xavier Becerra,Xavier Becerra,"If Xavier Becerra finishes in 1st place in the 2026 California Governor primary election, then the market resolves to Yes.",California Governor primary: 1st place,"On Jun 2, 2026",Who will finish first in the California Governor primary?,Elections,one_off,finalized,yes,2026-02-04 23:00:00+00:00,2026-07-11 00:09:53+00:00,1,1,1,2130203.52,156.0485300925926,1770246000,1783728593,158,122,1770267600.0,1783656000.0,success,122,122,122,91,122,2073282.97,1240346.04,0.022213114754098363,2026-02-05 00:00:00+00:00,2026-07-10 00:00:00+00:00,0.998,0.999,1,77.21518987341773,100.0
kalshi:KXLEAVEWALZ-27JAN01-TWAL-26JUL01,36,KXLEAVEWALZ-27JAN01-TWAL-26JUL01,KXLEAVEWALZ-27JAN01,KXLEAVEWALZ,Will Tim Walz leave the governorship of Minnesota after Issuance and before July 2026?,,Before July,Before July,"If Tim Walz leaves as Governor of Minnesota after Issuance and before July 2026, then the market resolves to Yes.",Tim Walz out as Governor of Minnesota?,Before 2027,Tim Walz out as Governor of Minnesota?,Politics,one_off,finalized,no,2025-12-31 15:00:00+00:00,2026-07-01 14:54:34+00:00,1,1,1,2042154.96,181.99622685185184,1767193200,1782917674,183,182,1767243600.0,1782878400.0,success,182,182,182,182,182,2044325.8,604952.11,0.009115384615384615,2026-01-01 00:00:00+00:00,2026-07-01 00:00:00+00:00,0.001,0.0005,0,99.4535519125683,100.0
kalshi:KXRT-ODY-95,37,KXRT-ODY-95,KXRT-ODY,KXRT,The Odyssey Rotten Tomatoes score?,Above 95,Above 95,Above 95,"If The Odyssey has a Tomatometer score of above 95 on Jul 20, 2026 at 10:00 AM ET, then the market resolves to Yes.",The Odyssey: Rotten Tomatoes score,The Odyssey,Rotten Tomatoes Scores,Entertainment,custom,finalized,no,2026-07-06 23:00:00+00:00,2026-07-20 14:00:00+00:00,1,1,1,1862536.6,13.625,1783378800,1784556000,15,14,1783396800.0,1784520000.0,success,14,14,14,14,14,1569788.71,980758.47,0.05642857142857143,2026-07-07 00:00:00+00:00,2026-07-20 00:00:00+00:00,0.04,0.03,0,93.33333333333333,100.0
kalshi:KXSWIFTKELCEWEDDINGLOCATION-30-NEW,38,KXSWIFTKELCEWEDDINGLOCATION-30-NEW,KXSWIFTKELCEWEDDINGLOCATION-30,KXSWIFTKELCEWEDDINGLOCATION,Where will Taylor Swift and Travis Kelce’s Wedding occur?,,New York,New York,"If Taylor Swift and Travis Kelce’s Wedding happens in New York before Jan 1, 2030, then the market resolves to Yes.",Taylor Swift and Travis Kelce: Wedding location,Before 2030,WHERE WILL TAYLOR SWIFT GET MARRIED,Entertainment,one_off,finalized,yes,2025-10-07 14:00:00+00:00,2026-07-04 01:07:30+00:00,1,1,1,1782184.99,269.4635416666667,1759845600,1783127250,271,269,1759896000.0,1783051200.0,success,269,269,269,188,269,1437761.02,644236.4,0.10230483271375465,2025-10-08 00:00:00+00:00,2026-07-03 00:00:00+00:00,0.7,0.675,1,99.2619926199262,100.0
kalshi:KXEVENTOCCURCLTR-27-JAN01,39,KXEVENTOCCURCLTR-27-JAN01,KXEVENTOCCURCLTR-27,KXEVENTOCCURCLTR,Will Taylor Swift get married at MSG this year?,"Before Jan 1, 2027","Before Jan 1, 2027","Before Jan 1, 2027","If it is reported that Taylor Swift got married at Madison Square Garden and it's confirmed by any of the Source Agencies after Issuance and Before Jan 1, 2027, then the market resolves to Yes.",Taylor Swift: Married at Madison Square Garden in 2026?,In 2026,will event occur?,Entertainment,one_off,finalized,yes,2026-06-06 00:00:00+00:00,2026-07-04 00:53:28+00:00,1,1,1,1755812.35,28.03712962962963,1780704000,1783126408,30,28,1780718400.0,1783051200.0,success,28,28,28,28,28,1287752.3,589188.39,0.024285714285714282,2026-06-06 00:00:00+00:00,2026-07-03 00:00:00+00:00,0.7,0.705,1,93.33333333333333,100.0
kalshi:KXCOLOMBIAPRES-26-ICAS,40,KXCOLOMBIAPRES-26-ICAS,KXCOLOMBIAPRES-26,KXCOLOMBIAPRES,Will Iván Cepeda Castro win the next Colombian presidential election?,:: Pacto Histórico,Iván Cepeda,Iván Cepeda,"If the winner of the next Colombian presidential election scheduled to be held in 2026 (at the latest) is Iván Cepeda Castro, then the market resolves to Yes.",Who will win the next Colombian presidential election?,In 2026,Colombia presidency,Elections,one_off,finalized,no,2025-09-15 19:00:00+00:00,2026-06-24 21:59:37+00:00,1,1,1,1692402.61,282.1247337962963,1757962800,1782338377,284,282,1757995200.0,1782273600.0,success,282,282,282,185,282,1676321.21,779657.81,0.0620886524822695,2025-09-16 00:00:00+00:00,2026-06-24 00:00:00+00:00,0.016,0.0095,0,99.29577464788733,100.0
kalshi:KXRT-SPI-91,41,KXRT-SPI-91,KXRT-SPI,KXRT,Spider-Man: Brand New Day Rotten Tomatoes score?,Above 91,Above 91,Above 91,"If Spider-Man: Brand New Day has a Tomatometer score of above 91 on Aug 3, 2026 at 10:00 AM ET, then the market resolves to Yes.",Spider-Man: Brand New Day: Rotten Tomatoes score,Spider-Man: Brand New Day,Rotten Tomatoes Scores,Entertainment,custom,finalized,no,2026-07-28 20:00:00+00:00,2026-08-03 14:00:00+00:00,1,1,1,1670022.42,5.75,1785268800,1785765600,7,6,1785297600.0,1785729600.0,success,6,6,6,6,6,1583264.9300000002,1153131.25,0.01833333333333333,2026-07-29 00:00:00+00:00,2026-08-03 00:00:00+00:00,0.01,0.01,0,85.71428571428571,100.0
kalshi:KXMI13D-26-STHA,42,KXMI13D-26-STHA,KXMI13D-26,KXMI13D,Will Shri Thanedar be the Democratic nominee for MI-13?,,Shri Thanedar,Shri Thanedar,"If Shri Thanedar wins the nomination for the Democratic Party to contest the 2026 MI-13 House seat, then the market resolves to Yes.",MI-13 Democratic nominee?,In 2026,MI-13 Democratic nominee,Elections,one_off,finalized,no,2025-12-30 15:00:00+00:00,2026-08-05 14:06:11+00:00,1,1,1,1650232.06,217.9626273148148,1767106800,1785938771,219,200,1767157200.0,1785902400.0,success,200,200,200,81,200,1213078.1400000001,400587.7,0.051859999999999996,2025-12-31 00:00:00+00:00,2026-08-05 00:00:00+00:00,0.11,0.125,0,91.32420091324201,100.0
kalshi:KXMI13D-26-DMCK,43,KXMI13D-26-DMCK,KXMI13D-26,KXMI13D,Will Donavan McKinney be the Democratic nominee for MI-13?,,Donavan McKinney,Donavan McKinney,"If Donavan McKinney wins the nomination for the Democratic Party to contest the 2026 MI-13 House seat, then the market resolves to Yes.",MI-13 Democratic nominee?,In 2026,MI-13 Democratic nominee,Elections,one_off,finalized,yes,2025-12-30 15:00:00+00:00,2026-08-05 14:06:11+00:00,1,1,1,1647332.36,217.9626273148148,1767106800,1785938771,219,177,1767157200.0,1785902400.0,success,177,177,177,111,177,1384097.73,538577.44,0.050282485875706204,2025-12-31 00:00:00+00:00,2026-08-05 00:00:00+00:00,0.87,0.875,1,80.82191780821918,100.0
kalshi:KXMARRIAGESWIFTKELCE-26,44,KXMARRIAGESWIFTKELCE-26,KXMARRIAGESWIFTKELCE-26,KXMARRIAGESWIFTKELCE,Will Taylor Swift and Travis Kelce be married in 2026?,Before 2027,Before 2027,Before 2027,"If Taylor Swift and Travis Kelce are married before Jan 1, 2027, then the market resolves to Yes.",Taylor Swift and Travis Kelce: Married in 2026?,Before 2027,Swift Kelce married,Entertainment,custom,finalized,yes,2025-08-26 21:00:00+00:00,2026-07-07 02:14:57+00:00,1,1,1,1645745.84,314.2187152777778,1756242000,1783390497,316,314,1756267200.0,1783310400.0,success,314,314,314,284,314,1403621.08,791403.42,0.01926751592356688,2025-08-27 00:00:00+00:00,2026-07-06 00:00:00+00:00,0.99,0.995,1,99.36708860759494,100.0
kalshi:KXMJSCHEDULE-26JUL,45,KXMJSCHEDULE-26JUL,KXMJSCHEDULE,KXMJSCHEDULE,When will marijuana be rescheduled?,,Before July 2026,Before July 2026,"If marijuana is rescheduled from Schedule I to a lower drug schedule under the Controlled Substances Act before Jul 1, 2026, then the market resolves to Yes.",Will marijuana be rescheduled?,Lowered from Schedule I,MJ schedule,Politics,custom,finalized,no,2025-12-17 18:00:00+00:00,2026-07-01 03:59:00+00:00,1,1,1,1634305.03,195.41597222222225,1765994400,1782878340,197,195,1766034000.0,1782792000.0,success,195,195,195,191,195,1634305.03,460856.97,0.01248205128205128,2025-12-18 00:00:00+00:00,2026-06-30 00:00:00+00:00,0.003,0.0015,0,98.98477157360406,100.0
kalshi:KXRT-SPI-92,46,KXRT-SPI-92,KXRT-SPI,KXRT,Spider-Man: Brand New Day Rotten Tomatoes score?,Above 92,Above 92,Above 92,"If Spider-Man: Brand New Day has a Tomatometer score of above 92 on Aug 3, 2026 at 10:00 AM ET, then the market resolves to Yes.",Spider-Man: Brand New Day: Rotten Tomatoes score,Spider-Man: Brand New Day,Rotten Tomatoes Scores,Entertainment,custom,finalized,no,2026-07-22 20:00:00+00:00,2026-08-03 14:00:00+00:00,1,1,1,1623910.07,11.75,1784750400,1785765600,13,12,1784779200.0,1785729600.0,success,12,12,12,12,12,1559039.72,1005792.98,0.022500000000000006,2026-07-23 00:00:00+00:00,2026-08-03 00:00:00+00:00,0.01,0.005,0,92.3076923076923,100.0
kalshi:KX14AMENDCASE-26-AUG,47,KX14AMENDCASE-26-AUG,KX14AMENDCASE-26,KX14AMENDCASE,Will Trump's birthright citizenship order come into effect?,,Before August 2026,Before August 2026,"If Trump's Executive Order ending birthright citizenship comes into effect for any period after Issuance and before Aug 1, 2026, then the market resolves to Yes.",Will Trump's birthright citizenship order come into effect?,Before 2026,Trump birthright citizenship case,Politics,custom,finalized,no,2025-12-05 22:00:00+00:00,2026-06-30 14:38:07+00:00,1,1,1,1591535.68,206.6931365740741,1764972000,1782830287,208,207,1764997200.0,1782792000.0,success,207,207,207,196,207,1416835.37,829152.37,0.020792270531400966,2025-12-06 00:00:00+00:00,2026-06-30 00:00:00+00:00,0.079,0.0685,0,99.51923076923077,100.0
kalshi:KXVOTEPRIMARY-MAYORLA26SPRA-75,48,KXVOTEPRIMARY-MAYORLA26SPRA-75,KXVOTEPRIMARY-MAYORLA26SPRA,KXVOTEPRIMARY,Will Spencer Pratt receive at least 50% of the popular vote in the first round of the 2026 Los Angeles mayoral election?,At least 50%:: Wins outright,At least 50%,At least 50%,"If the certified percentage of the popular vote received by Spencer Pratt in the first round of the 2026 Los Angeles mayoral election is 50% to 100%, inclusive of both endpoints, then the market resolves to Yes.",Los Angeles mayoral election: Spencer Pratt vote percent (1st round),Vote Percent - Spencer Pratt,Vote percentages in primaries,Elections,one_off,finalized,no,2026-05-22 17:00:00+00:00,2026-06-27 15:17:10+00:00,1,1,1,1570112.24,35.928587962962965,1779469200,1782573430,37,36,1779508800.0,1782532800.0,success,36,36,36,29,36,1569893.24,741715.88,0.0125,2026-05-23 00:00:00+00:00,2026-06-27 00:00:00+00:00,0.01,0.005,0,97.29729729729729,100.0
kalshi:KXSCRSENS-26-RFRY,49,KXSCRSENS-26-RFRY,KXSCRSENS-26,KXSCRSENS,Who will win the 2026 South Carolina Republican Senate special primary?,,Russell Fry,Russell Fry,"If Russell Fry wins the 2026 South Carolina Republican Senate special primary, then the market resolves to Yes.",South Carolina Republican Senate special primary winner?,In 2026,South Carolina Special Republican primary,Elections,one_off,finalized,no,2026-07-12 17:30:00+00:00,2026-08-12 01:06:27+00:00,1,1,1,1502711.08,30.316979166666663,1783877400,1786496787,32,30,1783915200.0,1786420800.0,success,30,30,30,30,30,847955.39,390092.52,0.013000000000000001,2026-07-13 00:00:00+00:00,2026-08-11 00:00:00+00:00,0.21,0.215,0,93.75,100.0
kalshi:KXCOLOMBIAPRES-26-AESP,50,KXCOLOMBIAPRES-26-AESP,KXCOLOMBIAPRES-26,KXCOLOMBIAPRES,Will Abelardo de la Espriella win the next Colombian presidential election?,:: Defensores de la Patria,Abelardo de la Espriella,Abelardo de la Espriella,"If the winner of the next Colombian presidential election scheduled to be held in 2026 (at the latest) is Abelardo de la Espriella, then the market resolves to Yes.",Who will win the next Colombian presidential election?,In 2026,Colombia presidency,Elections,one_off,finalized,yes,2025-09-15 19:00:00+00:00,2026-06-24 21:59:37+00:00,1,1,1,1486022.39,282.1247337962963,1757962800,1782338377,284,282,1757995200.0,1782273600.0,success,282,282,282,217,282,1474718.04,518079.43,0.05438297872340425,2025-09-16 00:00:00+00:00,2026-06-24 00:00:00+00:00,0.983,0.986,1,99.29577464788733,100.0
